address,topics,data,blockNumber,blockHash,timeStamp,gasPrice,gasUsed,logIndex,transactionHash,transactionIndex
0x04d572734006788b646ce35b133bdf7160f79995,"['0xddf252ad1be2c89b69c2b068fc378daa952ba7f163c4a11628f55a4df523b3ef', '0x0000000000000000000000000000000000000000000000000000000000000000', '0x0000000000000000000000006d46b37708da7ed4e5c4509495768fecd3d17c01', '0x0000000000000000000000000000000000000000000000000000000000000001']",0x,0xdfa71b,0x1833352e830d8edb53fb16d67282a397f037da120132df1c8d0d725ab60f91c0,0x62674e2d,0xaa356cf68,0x5f5c7,0xc6,0xb0f6ccaf7df563bf836445ce90750b6ae3f6a3368896bbb6dd630895772da763,0x4a
0x04d572734006788b646ce35b133bdf7160f79995,"['0xddf252ad1be2c89b69c2b068fc378daa952ba7f163c4a11628f55a4df523b3ef', '0x0000000000000000000000000000000000000000000000000000000000000000', '0x0000000000000000000000000a2e95eba92c86b617c36a8a73d3913f279f1cde', '0x0000000000000000000000000000000000000000000000000000000000000002']",0x,0xe09cde,0xcc97239921bc7940cdc1d0193e6b2c237d941ed65e7a91548d352af950bd253b,0x627462f7,0x9f32a2f36,0x5137e,0x9,0x91cd7c55f74a41b5de4db9690123110b0b3ca27ec024f741ecf2c59f62b03eb5,0x5
0x04d572734006788b646ce35b133bdf7160f79995,"['0xddf252ad1be2c89b69c2b068fc378daa952ba7f163c4a11628f55a4df523b3ef', '0x0000000000000000000000000000000000000000000000000000000000000000', '0x000000000000000000000000ced706833461a6f84dd9246212bbe653f72d83f8', '0x0000000000000000000000000000000000000000000000000000000000000003']",0x,0xe09ee4,0xb1e7e78d613bfe0b13ccd2137563a577deb9bf0e4bdd0891eebf2c203318335b,0x62747f76,0x67b0a675f,0x451ee,0x59,0x164380394b7c88f5a2a7cbf66bf3db16c20584e0e4b12300394f22dc512ca619,0x2c
0x04d572734006788b646ce35b133bdf7160f79995,"['0xddf252ad1be2c89b69c2b068fc378daa952ba7f163c4a11628f55a4df523b3ef', '0x0000000000000000000000000000000000000000000000000000000000000000', '0x000000000000000000000000ced706833461a6f84dd9246212bbe653f72d83f8', '0x0000000000000000000000000000000000000000000000000000000000000004']",0x,0xe09ef7,0x942f3185a1c9ddc7c930992538dfe72082e38a3f4f66ed00658eb5a63f9c64c8,0x62748042,0x6c50cd620,0x52d63,0xd,0x93a25b676ef7f0ba9c8ea95f9d02d6f0d027d8d09101b11c77070fe1af7d1280,0x8
0x04d572734006788b646ce35b133bdf7160f79995,"['0xddf252ad1be2c89b69c2b068fc378daa952ba7f163c4a11628f55a4df523b3ef', '0x0000000000000000000000000000000000000000000000000000000000000000', '0x000000000000000000000000ced706833461a6f84dd9246212bbe653f72d83f8', '0x0000000000000000000000000000000000000000000000000000000000000005']",0x,0xe09f4d,0x84143188798dbea844045a05d7df2d310440929ac190bded9a012b678e8f806f,0x6274848c,0x76fff9380,0x52d63,0xc4,0x238dd4bf551dca51ce923593655ed6261cf38f90611e610ff2719d1e127c0fcd,0x79
0x04d572734006788b646ce35b133bdf7160f79995,"['0xddf252ad1be2c89b69c2b068fc378daa952ba7f163c4a11628f55a4df523b3ef', '0x0000000000000000000000000000000000000000000000000000000000000000', '0x000000000000000000000000ced706833461a6f84dd9246212bbe653f72d83f8', '0x0000000000000000000000000000000000000000000000000000000000000006']",0x,0xe0bab2,0xf9c850d1492e2f86187a3b93f0fd1ec6597dfd1d14f98f76e6e11d923a4b97e0,0x6275fe02,0xdc75d06ba,0x40f22,0x29,0xb841b7734cf3387ac0f8b9cd9b5606717422ca20fa9a9792cfb4458f178c506e,0x3a
0x04d572734006788b646ce35b133bdf7160f79995,"['0xddf252ad1be2c89b69c2b068fc378daa952ba7f163c4a11628f55a4df523b3ef', '0x0000000000000000000000000000000000000000000000000000000000000000', '0x000000000000000000000000ced706833461a6f84dd9246212bbe653f72d83f8', '0x0000000000000000000000000000000000000000000000000000000000000007']",0x,0xe0c935,0xa08a768836d233f25200a5a033a5cede84db13d090bceadc0942947daf0a9741,0x6276c34e,0x70c2bd639,0x52d63,0x89,0xb58e61fec448a66e7cdccb12c1a4564e81c020ff25b091069d5feb95dfc5c2f9,0x4f
0x04d572734006788b646ce35b133bdf7160f79995,"['0xddf252ad1be2c89b69c2b068fc378daa952ba7f163c4a11628f55a4df523b3ef', '0x0000000000000000000000000000000000000000000000000000000000000000', '0x000000000000000000000000ced706833461a6f84dd9246212bbe653f72d83f8', '0x0000000000000000000000000000000000000000000000000000000000000008']",0x,0xe1ada5,0xd5447f12f3d62b2405131e613bbc15a083234e6a2b01239e0dbc9b8c9ee6f926,0x628310cb,0x8d001c58d,0x52d63,0x15,0x7a2c8113f77903e5b8b500a5feecf1271b960f67724b71a7907a3b7c68d1d528,0x2f
0x04d572734006788b646ce35b133bdf7160f79995,"['0xddf252ad1be2c89b69c2b068fc378daa952ba7f163c4a11628f55a4df523b3ef', '0x0000000000000000000000000000000000000000000000000000000000000000', '0x000000000000000000000000ced706833461a6f84dd9246212bbe653f72d83f8', '0x0000000000000000000000000000000000000000000000000000000000000009']",0x,0xe1adb6,0xa1453aff0f2782f3cb86b670bc28c7aded991c5b46b6829fa9b4e43714398f43,0x62831149,0x53eba9236,0x52d63,0x160,0x1c1a79c1fa7685af21a7b822dc2ede4d95b421f93e1c4627d5507f7caa4b3040,0xff
0x04d572734006788b646ce35b133bdf7160f79995,"['0xddf252ad1be2c89b69c2b068fc378daa952ba7f163c4a11628f55a4df523b3ef', '0x0000000000000000000000000000000000000000000000000000000000000000', '0x000000000000000000000000ddf0cebc3b259420280371337b11f6fabdddf2f0', '0x000000000000000000000000000000000000000000000000000000000000000a']",0x,0xe20935,0xe1bf0d8b6aca3d352b3653bc282ea13f89afa205bff86a2c04a1725e7b73f4fc,0x62880c95,0x5d1fed32b,0x451ee,0x157,0x4d02b3700b1798844d7b6cc912d8743f817ab887c6cab5fef4b5951647864a3c,0x68
0x04d572734006788b646ce35b133bdf7160f79995,"['0xddf252ad1be2c89b69c2b068fc378daa952ba7f163c4a11628f55a4df523b3ef', '0x0000000000000000000000000000000000000000000000000000000000000000', '0x0000000000000000000000009f36a6bb398118bdcd5b1bc3343d8feb6d7d02b9', '0x000000000000000000000000000000000000000000000000000000000000000b']",0x,0xe2a45b,0x932abf113f332c99386cb6d9095b41ffd45d9044c34e341e9845b70afc7137c1,0x62909114,0x747be0076,0x451ee,0x5f,0x196a5d1e903f2aec9354ca8ad0011f9b3252af23b5b1c413d7a14e2f1b30408d,0x53
0x04d572734006788b646ce35b133bdf7160f79995,"['0xddf252ad1be2c89b69c2b068fc378daa952ba7f163c4a11628f55a4df523b3ef', '0x0000000000000000000000000000000000000000000000000000000000000000', '0x0000000000000000000000006da0a1784de1abdde1734ba37eca3d560bf044c0', '0x000000000000000000000000000000000000000000000000000000000000000c']",0x,0xe34e95,0x497719f9821555dce4675ecf45ec0a6e238f33f89efb43010d5877a7b3723422,0x6299eccb,0x91ce1c45c,0x4ae9f,0xb2,0xf1bead20dbfc8fa54fcd917d27da067860700d4f1fb15e9cfcc4725d9ebe7ac4,0x61
0x04d572734006788b646ce35b133bdf7160f79995,"['0xddf252ad1be2c89b69c2b068fc378daa952ba7f163c4a11628f55a4df523b3ef', '0x0000000000000000000000000000000000000000000000000000000000000000', '0x0000000000000000000000002bad77c1ae11ff611bd23f6f350d23079ad8a6e1', '0x000000000000000000000000000000000000000000000000000000000000000d']",0x,0xe35d8c,0x08282cc6aafab884c32980a26ebf50646359956e4987bac488992ea578343d01,0x629abd3a,0x8b905d23a,0x4ae9f,0x76,0x0828b43f204fdee84d9fe34df61f840013d4ad78cd878ba7dd827c48db6f1863,0x55
0x04d572734006788b646ce35b133bdf7160f79995,"['0xddf252ad1be2c89b69c2b068fc378daa952ba7f163c4a11628f55a4df523b3ef', '0x0000000000000000000000000000000000000000000000000000000000000000', '0x0000000000000000000000006643821b13d6a52ca81c0dd2a13bd829289ca0bd', '0x000000000000000000000000000000000000000000000000000000000000000e']",0x,0xe4ac21,0x836267a8e00b67d299ccde2ff733f324a85cfe04410edd0721a3012f1c8b0ea1,0x62ae0fa6,0x1342e66844,0x4ae9f,0xf1,0x1ce3a62da6ace900ec514fc7eb5458e000eda062ccfc5501ab02cb1ae7e28f74,0x94
0x04d572734006788b646ce35b133bdf7160f79995,"['0xddf252ad1be2c89b69c2b068fc378daa952ba7f163c4a11628f55a4df523b3ef', '0x0000000000000000000000000000000000000000000000000000000000000000', '0x000000000000000000000000d304c4f273e3f298d5e6006088a3e0ba1e6c3058', '0x000000000000000000000000000000000000000000000000000000000000000f']",0x,0xe4e12a,0xd7c347a066eea93632b4c043395826a28dfe7d7805e6c64b6df156f35277a023,0x62b12337,0x3f0318c3b,0x57017,0xcd,0x4497fab6153bc50df10d8c32ed1f2ccbdcc1f84c3c0a777cb0e84183cc22e0b9,0x78
0x04d572734006788b646ce35b133bdf7160f79995,"['0xddf252ad1be2c89b69c2b068fc378daa952ba7f163c4a11628f55a4df523b3ef', '0x0000000000000000000000000000000000000000000000000000000000000000', '0x000000000000000000000000d304c4f273e3f298d5e6006088a3e0ba1e6c3058', '0x0000000000000000000000000000000000000000000000000000000000000010']",0x,0xe4e552,0x387589400f34029ab0121db53a0fd1afe68ff1c9fd29d5baa11c885a094d7545,0x62b16535,0x899dd0527,0x52d4b,0x49,0xbdf664020c9a811099d096b150611302de56cb5fe0c8606128776b0fd8e6f0a1,0x2d
0x04d572734006788b646ce35b133bdf7160f79995,"['0xddf252ad1be2c89b69c2b068fc378daa952ba7f163c4a11628f55a4df523b3ef', '0x0000000000000000000000000000000000000000000000000000000000000000', '0x00000000000000000000000088bade0ce190b854aa4754fa474736d8e01dbdc3', '0x0000000000000000000000000000000000000000000000000000000000000011']",0x,0xe5005c,0xabe916707d183c5bfcdb5779ad0506ad9b070920fe959e109f336e4c52467c7e,0x62b31894,0xa92f2e266,0x451ee,0x1f0,0x5a1945a11489ff84d84a13e30857855f0fc7136394217b0ed00be1f7e87571eb,0x14b
0x04d572734006788b646ce35b133bdf7160f79995,"['0xddf252ad1be2c89b69c2b068fc378daa952ba7f163c4a11628f55a4df523b3ef', '0x0000000000000000000000000000000000000000000000000000000000000000', '0x00000000000000000000000088bade0ce190b854aa4754fa474736d8e01dbdc3', '0x0000000000000000000000000000000000000000000000000000000000000012']",0x,0xe50126,0x374eb4e25355b2e362fc5349b924c29c3098c4cbfedf8ed7dadf756866c508ff,0x62b325ed,0x1042fa706c,0x40f22,0xf2,0x1f39c83bf97ac30fcf383a588a64e41241b28608171c0167347684fab6973b88,0x8d
0x04d572734006788b646ce35b133bdf7160f79995,"['0xddf252ad1be2c89b69c2b068fc378daa952ba7f163c4a11628f55a4df523b3ef', '0x0000000000000000000000000000000000000000000000000000000000000000', '0x00000000000000000000000088bade0ce190b854aa4754fa474736d8e01dbdc3', '0x0000000000000000000000000000000000000000000000000000000000000013']",0x,0xe506a6,0xc733f0325d2be55d69b005a697fc887730ad88bc09c66152ed9ae96c5ef10894,0x62b37d26,0x98324de7c,0x40f22,0x111,0xe068be624ca13b9ee2da5f6f6de985e0e00dc420404d1351f6cab273066274f5,0x84
0x04d572734006788b646ce35b133bdf7160f79995,"['0xddf252ad1be2c89b69c2b068fc378daa952ba7f163c4a11628f55a4df523b3ef', '0x0000000000000000000000000000000000000000000000000000000000000000', '0x00000000000000000000000075f3db0725aff1f09cb27a69c357c9bf0932bbeb', '0x0000000000000000000000000000000000000000000000000000000000000014']",0x,0xe548f5,0xf797584deb823725c305837cb9de4e9eba83fa749c7f55b8d394b549a76e9a27,0x62b7addf,0x5c4dad5e5,0x57023,0x79,0x65e70539fdeb916af2495a4718ef90b387a6befefc562c6062d909804efccd69,0x50
0x04d572734006788b646ce35b133bdf7160f79995,"['0xddf252ad1be2c89b69c2b068fc378daa952ba7f163c4a11628f55a4df523b3ef', '0x0000000000000000000000000000000000000000000000000000000000000000', '0x00000000000000000000000020ece817aeac5479267a188ab65e7ac0184949e4', '0x0000000000000000000000000000000000000000000000000000000000000015']",0x,0xe57689,0x296be4c71bea590d1035bfb09ca9b03871fbefa72a4f931aa6e6398dbf1b718f,0x62ba8e29,0x79a8e0c5a,0x451ee,0x12b,0x35f4a4e6ad79a4d54ee6c5a9b45b241e31301beb0d4e6a9b184b8fa83d95839a,0xfe
0x04d572734006788b646ce35b133bdf7160f79995,"['0xddf252ad1be2c89b69c2b068fc378daa952ba7f163c4a11628f55a4df523b3ef', '0x0000000000000000000000000000000000000000000000000000000000000000', '0x0000000000000000000000003c356eefe32d7e474c3a179573f8e13f696e6d7c', '0x0000000000000000000000000000000000000000000000000000000000000016']",0x,0xe6af49,0xaa18d1eac562d439181f0c4ce7041d6c1d871dc3e1dc4ee14e3fa1cc29d65032,0x62cb70e7,0x3fa52743a,0x5702f,0x4d,0xee8fd7819af87d10bf95ea809fbfe21cc28b4e39813b8eb0e42588ae18794fde,0x32
0x04d572734006788b646ce35b133bdf7160f79995,"['0xddf252ad1be2c89b69c2b068fc378daa952ba7f163c4a11628f55a4df523b3ef', '0x0000000000000000000000000000000000000000000000000000000000000000', '0x000000000000000000000000f9504cabca24a781142f22d5daa6d85881ca5f45', '0x0000000000000000000000000000000000000000000000000000000000000017']",0x,0xe75fb9,0x49af556655612aa9c61b5d22861ee4b3e830393ae36863314a4337a81b3b1add,0x62d4a5f6,0x2f1794cc2,0x451ee,0x274,0xa57bc7fcd0c5fc85171fc26a96ce49c1a2f21bccbcbc37ae45bede9cf345315d,0x3e
0x04d572734006788b646ce35b133bdf7160f79995,"['0xddf252ad1be2c89b69c2b068fc378daa952ba7f163c4a11628f55a4df523b3ef', '0x0000000000000000000000000000000000000000000000000000000000000000', '0x00000000000000000000000088bade0ce190b854aa4754fa474736d8e01dbdc3', '0x0000000000000000000000000000000000000000000000000000000000000018']",0x,0xe7bca2,0x897a871e36c20fff7d37f4d281323c1bdc425592e744f5360ad17b45725732fd,0x62d984e1,0x6b7083ab6,0x56ea4,0xb,0xa5ee56298a7f166bed2e0b71f298f0506032fab635a48a0fc576277c06369a07,0x5
0x04d572734006788b646ce35b133bdf7160f79995,"['0xddf252ad1be2c89b69c2b068fc378daa952ba7f163c4a11628f55a4df523b3ef', '0x0000000000000000000000000000000000000000000000000000000000000000', '0x0000000000000000000000003b3053b42ff03d0d7c43e7d2f1bd3a78b009160a', '0x0000000000000000000000000000000000000000000000000000000000000019']",0x,0xe7bd30,0x812bbe5fee4a395f9b710cde1e712183d2768bbe7e7fe4459cf28ef6c07b77a2,0x62d98b27,0x3fd3b5c29,0x56ea4,0x112,0x97919f2d40114aa44ff7c9f546dc90bd9a756a71a0544511e1a9d1d6d0ffcbe7,0xaa
0x04d572734006788b646ce35b133bdf7160f79995,"['0xddf252ad1be2c89b69c2b068fc378daa952ba7f163c4a11628f55a4df523b3ef', '0x0000000000000000000000000000000000000000000000000000000000000000', '0x00000000000000000000000019f2e1a547197760bf24b28568359cf2f86f3bf0', '0x000000000000000000000000000000000000000000000000000000000000001a']",0x,0xe800f8,0xe1a030ebc7b0c57e341ab64aeb7236abc4423b3168a1ddc3985a383a1d014f53,0x62dd1578,0x1cadd3d52,0x451ee,0xae,0x6af65f50181d8adb961deda147b66108b4a4583e48a359473d989a6addc40d5d,0x4a
0x04d572734006788b646ce35b133bdf7160f79995,"['0xddf252ad1be2c89b69c2b068fc378daa952ba7f163c4a11628f55a4df523b3ef', '0x0000000000000000000000000000000000000000000000000000000000000000', '0x000000000000000000000000480cdd88ffb5a1ec04be533a4e272c9994820de3', '0x000000000000000000000000000000000000000000000000000000000000001b']",0x,0xe8ea83,0x9a981d7f6bcd39e265ce180bab80ea0a719c3fc91105e689f05411a1b252173e,0x62e95cac,0x6ba86d86f,0x4ae9f,0x79,0x1d5178a0f45cf16460c7ad19eb7ecf83731a867388eef763c2dda4a7131a3d18,0x2d
